weapon1,weapon2,hypothesis,accf,cmc,n,split1,split2,split3
183414,183414,1,66.2069,16,31,v,t,t
271400,271400,1,37.2562,23,28,v,t,t
117189,117189,1,67.3344,23,30,t,v,t
802941,802941,1,28.0197,12,32,t,t,v
522184,522184,1,34.957,27,33,t,v,t
164338,164338,1,20.0616,9,29,v,t,t
162764,162764,1,25.6602,15,30,v,t,t
185661,185661,1,17.5146,14,26,t,v,t
568993,568993,1,30.2441,9,31,t,v,t
105510,105510,1,25.4079,10,31,t,v,t
148142,148142,1,38.1016,28,38,t,v,t
115410,115410,1,33.0948,12,33,t,v,t
889531,889531,1,27.8114,1,22,t,v,t
164599,164599,1,14.2055,2,36,v,t,t
895207,895207,1,20.8099,15,31,t,v,t
116307,116307,1,50.4782,21,32,v,t,t
155749,155749,1,19.3704,11,33,t,v,t
987083,987083,1,38.9189,14,33,v,t,t
159161,159161,1,12.5731,0,26,v,t,t
255305,255305,1,17.7007,21,40,t,t,v
142246,142246,1,45.1746,27,33,t,v,t
179830,179830,1,25.0577,6,41,t,v,t
180865,180865,1,26.9335,9,31,t,t,v
588210,588210,1,34.3873,35,40,t,t,v
156659,156659,1,18.184,13,34,t,v,t
126156,126156,1,47.8051,25,32,v,t,t
972579,972579,1,36.2782,6,39,t,t,v
171658,171658,1,57.0206,11,42,t,t,v
892635,892635,1,20.6307,25,29,t,t,v
462611,462611,1,42.2137,26,38,v,t,t
168706,168706,1,29.6657,15,32,v,t,t
438763,438763,1,22.7978,13,33,v,t,t
107045,107045,1,35.2602,16,36,t,t,v
135298,135298,1,18.6303,4,31,t,t,v
286121,286121,1,62.8346,31,35,t,v,t
483190,483190,1,15.6618,19,26,v,t,t
460187,460187,1,18.2305,6,29,t,v,t
135369,135369,1,27.4402,13,28,t,t,v
170456,170456,1,46.8727,23,27,t,v,t
169437,169437,1,15.4514,3,29,t,v,t
816547,816547,1,34.6808,18,34,t,v,t
856612,856612,1,50.0089,25,37,v,t,t
100702,100702,1,27.3353,23,36,v,t,t
116078,116078,1,63.6172,28,33,t,v,t
177901,177901,1,27.6362,10,31,t,t,v
329251,329251,1,36.6025,7,26,v,t,t
132505,132505,1,37.5937,13,25,t,v,t
166107,166107,1,33.4703,17,36,v,t,t
131562,131562,1,12.353,4,36,t,v,t
871153,871153,1,35.372,10,24,t,t,v
170088,170088,1,35.1687,31,40,t,v,t
139918,139918,1,42.8717,12,26,t,t,v
963836,963836,1,37.1489,18,28,v,t,t
117428,117428,1,51.3638,22,32,v,t,t
264822,264822,1,14.7847,12,26,t,v,t
860467,860467,1,53.5255,28,34,t,v,t
176067,176067,1,46.6426,8,34,v,t,t
136572,136572,1,56.2925,24,33,t,t,v
342330,342330,1,13.3395,8,36,v,t,t
112220,112220,1,15.2497,1,31,t,t,v
136598,136598,1,37.2183,12,34,t,t,v
139551,139551,1,28.8218,7,31,v,t,t
457504,457504,1,35.0257,2,28,t,v,t
182600,182600,1,78.9019,17,33,t,v,t
121907,121907,1,55.8193,24,32,t,v,t
511501,511501,1,38.3434,8,32,t,v,t
184134,184134,1,17.9901,1,24,v,t,t
181317,181317,1,27.3936,1,38,t,v,t
170589,170589,1,36.5719,3,34,v,t,t
316776,316776,1,36.195,22,41,t,v,t
474522,474522,1,34.3941,15,36,t,v,t
132146,132146,1,43.3298,25,39,t,v,t
113135,113135,1,61.3117,0,27,v,t,t
967684,967684,1,31.5311,12,36,t,t,v
137022,137022,1,22.9483,1,34,t,t,v
159557,159557,1,24.7001,8,30,t,v,t
532700,532700,1,43.5424,14,28,t,v,t
882875,882875,1,43.7202,21,36,t,v,t
548480,548480,1,48.7352,15,32,t,t,v
163624,163624,1,32.278,19,30,t,t,v
129959,129959,1,47.7221,16,29,t,v,t
120107,120107,1,31.0443,11,26,t,t,v
761302,761302,1,23.4503,3,28,t,t,v
150422,150422,1,19.2293,5,26,t,v,t
162877,162877,1,81.7278,16,31,t,t,v
684201,684201,1,25.1253,10,28,t,v,t
196868,196868,1,10.567,1,41,t,v,t
388541,388541,1,38.3532,18,40,t,v,t
129620,129620,1,27.1818,17,33,v,t,t
869719,869719,1,47.6696,21,34,v,t,t
161035,161035,1,31.8033,17,33,t,t,v
314790,314790,1,48.2825,20,36,v,t,t
107935,107935,1,31.2026,0,38,t,v,t
335434,335434,1,23.6084,17,36,v,t,t
692417,692417,1,21.1228,1,36,v,t,t
805904,805904,1,20.8628,7,26,t,v,t
941546,941546,1,35.413,21,37,v,t,t
128177,128177,1,13.1692,1,31,t,v,t
901422,901422,1,51.9646,21,34,t,t,v
790992,790992,1,37.4896,18,30,v,t,t
338475,338475,1,31.7829,18,39,v,t,t
588899,588899,1,31.8987,20,37,t,v,t
172408,172408,1,64.6518,26,36,t,t,v
323118,323118,1,12.4077,0,27,v,t,t
129054,129054,1,19.526,12,28,v,t,t
177835,177835,1,18.4833,13,29,v,t,t
415205,415205,1,30.2268,20,36,v,t,t
833407,833407,1,16.0002,2,33,t,t,v
122330,122330,1,24.3349,10,30,t,v,t
463623,463623,1,19.5939,2,29,t,t,v
175269,175269,1,22.074,10,33,t,t,v
706847,706847,1,44.7592,15,35,t,t,v
972208,972208,1,36.7492,15,49,t,t,v
172538,172538,1,31.3904,5,36,t,t,v
101571,101571,1,24.9844,0,30,v,t,t
117186,117186,1,41.2203,19,28,t,t,v
528461,528461,1,69.7325,30,30,v,t,t
159141,159141,1,41.1742,27,41,t,t,v
136953,136953,1,13.5077,7,26,t,v,t
125476,125476,1,48.6773,21,38,t,t,v
108074,108074,1,36.9015,25,40,t,t,v
610855,610855,1,11.231,4,34,t,t,v
637295,637295,1,41.1024,17,27,t,v,t
174072,174072,1,18.3065,32,44,v,t,t
141753,141753,1,22.6184,2,35,v,t,t
130808,130808,1,22.103,29,39,t,t,v
522495,522495,1,53.1015,28,31,t,t,v
122341,122341,1,37.6309,9,32,t,t,v
900158,900158,1,44.0284,12,40,t,t,v
171118,171118,1,44.0911,27,32,t,t,v
130557,130557,1,29.8001,15,31,t,t,v
217092,217092,1,31.8219,13,28,t,t,v
282725,282725,1,12.1807,0,35,t,v,t
452304,452304,1,45.9147,13,24,t,t,v
122577,122577,1,28.3517,12,28,t,v,t
150482,150482,1,40.8982,20,42,t,t,v
105732,105732,1,32.5915,28,32,t,v,t
118910,118910,1,44.761,22,38,v,t,t
116788,116788,1,45.8448,39,42,t,v,t
276592,276592,1,37.8631,21,38,v,t,t
142253,142253,1,35.4155,12,31,t,v,t
120210,120210,1,65.0432,33,38,t,t,v
184073,184073,1,39.3444,20,33,v,t,t
785730,785730,1,49.0376,17,33,v,t,t
551418,551418,1,42.3263,29,34,v,t,t
166079,166079,1,25.7696,4,45,t,t,v
175626,175626,1,37.5964,0,23,v,t,t
291014,291014,1,34.4223,17,28,t,v,t
786750,786750,1,28.5696,9,40,v,t,t
135573,135573,1,38.1552,17,33,v,t,t
350693,350693,1,42.6606,13,36,v,t,t
122399,122399,1,31.5996,5,32,v,t,t
680968,680968,1,12.0005,4,32,t,v,t
155040,155040,1,57.5473,19,34,t,t,v
698697,698697,1,51.8723,16,28,t,t,v
119553,119553,1,29.7745,8,29,t,v,t
247208,247208,1,21.1169,10,28,t,v,t
700473,700473,1,19.531,11,38,v,t,t
108681,108681,1,25.9562,15,37,t,t,v
401970,401970,1,43.4225,18,32,t,t,v
971907,971907,1,42.6695,24,40,t,v,t
452294,452294,1,40.3916,10,31,v,t,t
419117,419117,1,47.345,26,40,v,t,t
647011,647011,1,21.4677,8,29,v,t,t
565176,565176,1,31.9628,12,34,t,v,t
173194,173194,1,48.4656,30,39,t,t,v
494008,494008,1,20.7512,8,30,t,v,t
200909,200909,1,33.501,8,40,v,t,t
570795,570795,1,20.9806,19,29,v,t,t
102716,102716,1,27.9254,10,29,v,t,t
289907,289907,1,28.4373,10,33,t,v,t
323245,323245,1,73.6088,30,33,t,t,v
630733,630733,1,17.6075,0,36,v,t,t
126105,126105,1,33.1694,18,44,v,t,t
149346,149346,1,33.6313,13,27,t,t,v
411547,411547,1,19.1945,1,40,t,t,v
153273,153273,1,49.7863,7,34,v,t,t
511131,511131,1,65.2074,18,34,t,t,v
126395,126395,1,36.3344,18,37,t,t,v
586874,586874,1,23.983,23,45,t,v,t
101711,101711,1,45.2551,21,37,v,t,t
179328,179328,1,27.2472,8,28,t,v,t
570700,570700,1,31.756,3,34,t,t,v
131974,131974,1,36.9542,5,34,t,t,v
951259,951259,1,53.3437,15,44,t,t,v
130710,130710,1,16.1283,18,42,t,v,t
234109,234109,1,68.6824,13,22,t,t,v
383480,383480,1,9.5117,15,29,t,t,v
183414,117189,0,15.1451,1,31,n,n,t
183414,802941,0,13.5429,0,31,n,t,n
183414,522184,0,19.1897,0,31,n,n,t
183414,164338,0,10.4462,1,31,v,t,t
183414,383480,0,13.0188,1,31,n,t,n
271400,117189,0,15.3519,1,28,n,n,t
271400,802941,0,11.9125,1,28,n,t,n
271400,522184,0,12.1605,0,28,n,n,t
271400,164338,0,9.1753,1,28,v,t,t
271400,383480,0,13.1141,1,28,n,t,n
117189,802941,0,12.2009,0,30,t,n,n
117189,162764,0,19.2321,1,30,n,n,t
117189,185661,0,23.9157,0,30,t,v,t
802941,162764,0,11.7541,0,32,n,t,n
802941,185661,0,11.3911,1,32,t,n,n
522184,164338,0,7.8264,1,33,n,n,t
522184,162764,0,16.0479,0,33,n,n,t
522184,185661,0,8.2196,1,33,t,v,t
164338,162764,0,10.5599,0,29,v,t,t
164338,185661,0,12.3899,1,29,n,n,t
162764,185661,0,18.4736,1,30,n,n,t
568993,105510,0,23.3976,2,31,t,v,t
568993,148142,0,9.5523,1,31,t,v,t
568993,115410,0,14.6399,0,31,t,v,t
568993,889531,0,17.3526,0,31,t,v,t
568993,164599,0,8.7494,1,31,n,n,t
105510,148142,0,11.9601,2,31,t,v,t
105510,115410,0,15.2312,0,31,t,v,t
105510,889531,0,19.1288,0,31,t,v,t
105510,164599,0,7.5136,1,31,n,n,t
148142,115410,0,15.1584,3,38,t,v,t
148142,895207,0,11.2508,0,38,t,v,t
148142,116307,0,10.4983,0,38,n,n,t
115410,895207,0,18.2639,1,33,t,v,t
115410,116307,0,10.7952,1,33,n,n,t
889531,164599,0,10.505,1,22,n,n,t
889531,895207,0,13.4655,0,22,t,v,t
889531,116307,0,13.6135,0,22,n,n,t
164599,895207,0,11.1978,0,36,n,n,t
164599,116307,0,8.28,0,36,v,t,t
895207,116307,0,13.4769,0,31,n,n,t
155749,987083,0,14.9359,2,33,n,n,t
155749,159161,0,20.5602,2,33,n,n,t
155749,255305,0,13.1007,2,33,t,n,n
155749,142246,0,12.1018,0,33,t,v,t
155749,179830,0,11.9417,1,33,t,v,t
987083,159161,0,21.2112,0,33,v,t,t
987083,255305,0,16.0447,1,33,n,t,n
987083,142246,0,23.6617,1,33,n,n,t
987083,179830,0,10.6103,0,33,n,n,t
159161,255305,0,16.5605,0,26,n,t,n
159161,180865,0,12.4827,0,26,n,t,n
159161,588210,0,12.4886,0,26,n,t,n
255305,180865,0,11.6157,1,40,t,t,v
255305,588210,0,9.4843,1,40,t,t,v
142246,179830,0,11.6314,0,33,t,v,t
142246,180865,0,18.5114,0,33,t,n,n
142246,588210,0,10.3026,1,33,t,n,n
179830,180865,0,10.8766,0,41,t,n,n
179830,588210,0,8.4516,0,41,t,n,n
180865,588210,0,11.3452,1,31,t,t,v
156659,126156,0,9.4122,0,34,n,n,t
156659,972579,0,16.9089,0,34,t,n,n
156659,171658,0,14.9109,1,34,t,n,n
156659,892635,0,9.3563,0,34,t,n,n
156659,462611,0,19.6656,0,34,n,n,t
126156,972579,0,10.5067,1,32,n,t,n
126156,171658,0,13.9779,1,32,n,t,n
126156,892635,0,12.2136,1,32,n,t,n
126156,462611,0,13.263,0,32,v,t,t
972579,171658,0,13.276,1,39,t,t,v
972579,131431,0,11.6333,0,39,n,t,n
972579,168706,0,25.0129,0,39,n,t,n
171658,131431,0,19.5338,2,42,n,t,n
171658,168706,0,15.2284,1,42,n,t,n
892635,462611,0,9.5342,0,29,n,t,n
892635,131431,0,12.2869,0,29,n,t,n
892635,168706,0,10.8934,1,29,n,t,n
462611,131431,0,13.2777,0,38,v,t,t
462611,168706,0,24.9565,0,38,v,t,t
131431,168706,0,13.3509,1,39,v,t,t
438763,107045,0,12.1545,1,33,n,t,n
438763,135298,0,8.966,0,33,n,t,n
438763,286121,0,11.7152,1,33,n,n,t
438763,483190,0,13.8797,0,33,v,t,t
438763,460187,0,9.6453,1,33,n,n,t
107045,135298,0,10.2858,0,36,t,t,v
107045,286121,0,11.1967,1,36,t,n,n
107045,483190,0,10.5864,1,36,n,t,n
107045,460187,0,10.7429,1,36,t,n,n
135298,286121,0,24.2013,0,31,t,n,n
135298,135369,0,19.6737,4,31,t,t,v
135298,170456,0,14.7617,0,31,t,n,n
286121,135369,0,16.6389,2,35,t,n,n
286121,170456,0,12.2404,0,35,t,v,t
483190,460187,0,9.9235,1,26,n,n,t
483190,135369,0,15.7505,0,26,n,t,n
483190,170456,0,15.1383,0,26,n,n,t
460187,135369,0,8.684,1,29,t,n,n
460187,170456,0,11.0589,0,29,t,v,t
135369,170456,0,12.1855,0,28,t,n,n
169437,816547,0,10.4473,0,29,t,v,t
169437,856612,0,10.0019,0,29,n,n,t
169437,100702,0,14.5491,0,29,n,n,t
169437,116078,0,11.9979,1,29,t,v,t
169437,177901,0,13.7378,0,29,t,n,n
816547,856612,0,6.8267,2,34,n,n,t
816547,100702,0,15.581,1,34,n,n,t
816547,116078,0,13.728,2,34,t,v,t
816547,177901,0,11.8399,0,34,t,n,n
856612,100702,0,10.533,0,37,v,t,t
856612,329251,0,10.9032,1,37,v,t,t
856612,132505,0,15.242,1,37,n,n,t
100702,329251,0,14.3006,1,36,v,t,t
100702,132505,0,29.477,1,36,n,n,t
116078,177901,0,24.2431,1,33,t,n,n
116078,329251,0,11.4678,0,33,n,n,t
116078,132505,0,10.1237,1,33,t,v,t
177901,329251,0,15.3701,0,31,n,t,n
177901,132505,0,11.8067,0,31,t,n,n
329251,132505,0,16.0925,0,26,n,n,t
166107,131562,0,17.0226,1,36,n,n,t
166107,871153,0,25.3618,1,36,n,t,n
166107,170088,0,21.1664,1,36,n,n,t
166107,139918,0,11.6555,0,36,n,t,n
166107,963836,0,14.2372,2,36,v,t,t
131562,871153,0,12.2778,0,36,t,n,n
131562,170088,0,13.5996,0,36,t,v,t
131562,139918,0,10.3419,1,36,t,n,n
131562,963836,0,18.6049,0,36,n,n,t
871153,170088,0,15.5536,0,24,t,n,n
871153,117428,0,12.2943,1,24,n,t,n
871153,264822,0,14.6778,0,24,t,n,n
170088,117428,0,18.1838,1,40,n,n,t
170088,264822,0,13.9527,0,40,t,v,t
139918,963836,0,9.1868,1,26,n,t,n
139918,117428,0,13.0526,0,26,n,t,n
139918,264822,0,13.0207,1,26,t,n,n
963836,117428,0,12.1104,0,28,v,t,t
963836,264822,0,17.7288,0,28,n,n,t
117428,264822,0,9.3232,1,32,n,n,t
860467,176067,0,18.0902,0,34,n,n,t
860467,136572,0,20.1371,0,34,t,n,n
860467,342330,0,8.8536,1,34,n,n,t
860467,112220,0,9.6364,1,34,t,n,n
860467,143085,0,16.7402,0,34,t,v,t
176067,136572,0,14.8587,0,34,n,t,n
176067,342330,0,9.0076,2,34,v,t,t
176067,112220,0,8.6358,2,34,n,t,n
176067,143085,0,23.2611,0,34,n,n,t
136572,342330,0,10.3401,0,33,n,t,n
136572,136598,0,14.3682,0,33,t,t,v
136572,139551,0,12.4295,0,33,n,t,n
342330,136598,0,8.7777,0,36,n,t,n
342330,139551,0,15.4074,1,36,v,t,t
112220,143085,0,10.9954,1,31,t,n,n
112220,136598,0,10.1233,1,31,t,t,v
112220,139551,0,10.6172,0,31,n,t,n
143085,136598,0,16.928,0,32,t,n,n
143085,139551,0,9.8283,1,32,n,n,t
136598,139551,0,15.6003,0,34,n,t,n
457504,182600,0,13.6886,1,28,t,v,t
457504,121907,0,17.1161,0,28,t,v,t
457504,511501,0,26.3072,1,28,t,v,t
457504,184134,0,13.8752,2,28,n,n,t
457504,181317,0,37.6524,2,28,t,v,t
182600,121907,0,10.7126,0,33,t,v,t
182600,511501,0,22.9243,0,33,t,v,t
182600,184134,0,5.4117,0,33,n,n,t
182600,181317,0,16.7532,0,33,t,v,t
121907,511501,0,17.4339,1,32,t,v,t
121907,170589,0,8.9815,0,32,n,n,t
121907,316776,0,9.5683,1,32,t,v,t
511501,170589,0,15.3826,1,32,n,n,t
511501,316776,0,14.8978,0,32,t,v,t
184134,181317,0,14.8718,1,24,n,n,t
184134,170589,0,11.7653,1,24,v,t,t
184134,316776,0,11.2639,0,24,n,n,t
181317,170589,0,11.9268,1,38,n,n,t
181317,316776,0,12.8167,1,38,t,v,t
170589,316776,0,10.5653,1,34,n,n,t
474522,132146,0,24.2882,1,36,t,v,t
474522,113135,0,15.2995,0,36,n,n,t
474522,967684,0,16.8495,0,36,t,n,n
474522,137022,0,17.3845,1,36,t,n,n
474522,159557,0,12.7093,0,36,t,v,t
132146,113135,0,11.6522,0,39,n,n,t
132146,967684,0,11.3446,1,39,t,n,n
132146,137022,0,14.0193,0,39,t,n,n
132146,159557,0,13.3679,0,39,t,v,t
113135,967684,0,11.8034,1,27,n,t,n
113135,532700,0,11.5702,0,27,n,n,t
113135,882875,0,11.0501,0,27,n,n,t
967684,532700,0,14.8273,1,36,t,n,n
967684,882875,0,8.6031,0,36,t,n,n
137022,159557,0,11.8487,0,34,t,n,n
137022,532700,0,23.7276,1,34,t,n,n
137022,882875,0,16.5292,0,34,t,n,n
159557,532700,0,12.7561,1,30,t,v,t
159557,882875,0,13.5415,0,30,t,v,t
532700,882875,0,21.6113,0,28,t,v,t
548480,163624,0,18.8644,0,32,t,t,v
548480,129959,0,10.6737,0,32,t,n,n
548480,120107,0,11.4963,0,32,t,t,v
548480,761302,0,9.1547,0,32,t,t,v
548480,150422,0,11.0215,0,32,t,n,n
163624,129959,0,16.0433,0,30,t,n,n
163624,120107,0,17.0183,1,30,t,t,v
163624,761302,0,8.492,1,30,t,t,v
163624,150422,0,11.7526,0,30,t,n,n
129959,120107,0,12.1999,1,29,t,n,n
129959,162877,0,11.824,0,29,t,n,n
129959,684201,0,12.8123,0,29,t,v,t
120107,162877,0,13.5274,0,26,t,t,v
120107,684201,0,28.5392,0,26,t,n,n
761302,150422,0,19.365,2,28,t,n,n
761302,162877,0,8.0724,1,28,t,t,v
761302,684201,0,21.69,1,28,t,n,n
150422,162877,0,19.5826,0,26,t,n,n
150422,684201,0,24.2989,0,26,t,v,t
162877,684201,0,14.7629,1,31,t,n,n
196868,388541,0,12.017,1,41,t,v,t
196868,129620,0,14.8014,2,41,n,n,t
196868,869719,0,11.3845,0,41,n,n,t
196868,161035,0,13.6304,0,41,t,n,n
196868,314790,0,10.697,0,41,n,n,t
388541,129620,0,13.3865,0,40,n,n,t
388541,869719,0,13.2146,0,40,n,n,t
388541,161035,0,13.4187,1,40,t,n,n
388541,314790,0,11.6451,1,40,n,n,t
129620,869719,0,18.0606,0,33,v,t,t
129620,107935,0,10.3767,1,33,n,n,t
129620,335434,0,13.153,0,33,v,t,t
869719,107935,0,12.8326,1,34,n,n,t
869719,335434,0,8.7353,1,34,v,t,t
161035,314790,0,11.2672,0,33,n,t,n
161035,107935,0,12.6837,1,33,t,n,n
161035,335434,0,9.1199,2,33,n,t,n
314790,107935,0,11.4038,1,36,n,n,t
314790,335434,0,10.2956,2,36,v,t,t
107935,335434,0,11.0102,1,38,n,n,t
692417,805904,0,12.9729,1,36,n,n,t
692417,941546,0,10.3188,0,36,v,t,t
692417,128177,0,10.9723,1,36,n,n,t
692417,901422,0,17.9913,4,36,n,t,n
692417,790992,0,13.991,1,36,v,t,t
805904,941546,0,9.5934,0,26,n,n,t
805904,128177,0,8.9906,0,26,t,v,t
805904,901422,0,12.9574,2,26,t,n,n
805904,790992,0,9.224,0,26,n,n,t
941546,128177,0,13.0784,1,37,n,n,t
941546,338475,0,10.859,1,37,v,t,t
941546,588899,0,11.1179,2,37,n,n,t
128177,338475,0,12.1962,1,31,n,n,t
128177,588899,0,13.9923,0,31,t,v,t
901422,790992,0,15.2367,0,34,n,t,n
901422,338475,0,16.7897,2,34,n,t,n
901422,588899,0,21.857,3,34,t,n,n
790992,338475,0,12.6379,1,30,v,t,t
790992,588899,0,14.3638,1,30,n,n,t
338475,588899,0,16.4129,0,39,n,n,t
172408,323118,0,10.0316,1,36,n,t,n
172408,129054,0,14.2003,1,36,n,t,n
172408,177835,0,11.5757,0,36,n,t,n
172408,415205,0,14.8343,1,36,n,t,n
172408,833407,0,13.3915,1,36,t,t,v
323118,129054,0,11.6696,0,27,v,t,t
323118,177835,0,13.3623,0,27,v,t,t
323118,415205,0,12.4487,1,27,v,t,t
323118,833407,0,14.862,0,27,n,t,n
129054,177835,0,11.6251,1,28,v,t,t
129054,122330,0,10.4207,0,28,n,n,t
129054,463623,0,10.0361,1,28,n,t,n
177835,122330,0,18.6903,1,29,n,n,t
177835,463623,0,16.0778,1,29,n,t,n
415205,833407,0,25.3024,1,36,n,t,n
415205,122330,0,17.1784,1,36,n,n,t
415205,463623,0,8.4122,0,36,n,t,n
833407,122330,0,22.74,2,33,t,n,n
833407,463623,0,12.1802,1,33,t,t,v
122330,463623,0,12.9531,0,30,t,n,n
175269,706847,0,12.5846,0,33,t,t,v
175269,972208,0,12.2197,0,33,t,t,v
175269,172538,0,14.0348,0,33,t,t,v
175269,101571,0,20.8947,1,33,n,t,n
175269,117186,0,11.0922,0,33,t,t,v
706847,972208,0,17.3313,3,35,t,t,v
706847,172538,0,19.4447,1,35,t,t,v
706847,101571,0,21.191,1,35,n,t,n
706847,117186,0,17.7745,0,35,t,t,v
972208,172538,0,12.6202,1,49,t,t,v
972208,528461,0,13.4265,0,49,n,t,n
972208,159141,0,8.9739,1,49,t,t,v
172538,528461,0,13.9468,0,36,n,t,n
172538,159141,0,53.6333,0,36,t,t,v
101571,117186,0,18.8419,1,30,n,t,n
101571,528461,0,9.0046,0,30,v,t,t
101571,159141,0,15.5013,0,30,n,t,n
117186,528461,0,14.1843,0,28,n,t,n
117186,159141,0,12.3077,0,28,t,t,v
528461,159141,0,5.2825,0,30,n,t,n
136953,125476,0,12.4634,0,26,t,n,n
136953,108074,0,9.6958,0,26,t,n,n
136953,610855,0,8.268,0,26,t,n,n
136953,637295,0,16.2537,1,26,t,v,t
136953,174072,0,9.2184,0,26,n,n,t
125476,108074,0,18.7728,2,38,t,t,v
125476,610855,0,9.1496,0,38,t,t,v
125476,637295,0,11.8949,0,38,t,n,n
125476,174072,0,10.4188,0,38,n,t,n
108074,610855,0,10.2057,0,40,t,t,v
108074,141753,0,12.9243,0,40,n,t,n
108074,130808,0,10.2804,1,40,t,t,v
610855,141753,0,26.4785,1,34,n,t,n
610855,130808,0,10.7574,0,34,t,t,v
637295,174072,0,11.1617,0,27,n,n,t
637295,141753,0,10.9382,0,27,n,n,t
637295,130808,0,13.5754,0,27,t,n,n
174072,141753,0,15.6487,2,44,v,t,t
174072,130808,0,8.5156,0,44,n,t,n
141753,130808,0,9.1324,0,35,n,t,n
522495,122341,0,14.2968,1,31,t,t,v
522495,900158,0,9.8653,0,31,t,t,v
522495,171118,0,14.8419,0,31,t,t,v
522495,130557,0,8.1763,1,31,t,t,v
522495,217092,0,16.1976,1,31,t,t,v
122341,900158,0,19.9807,0,32,t,t,v
122341,171118,0,16.2341,0,32,t,t,v
122341,130557,0,12.2415,0,32,t,t,v
122341,217092,0,19.4343,1,32,t,t,v
900158,171118,0,14.3736,0,40,t,t,v
900158,282725,0,13.2051,0,40,t,n,n
900158,452304,0,16.7135,0,40,t,t,v
171118,282725,0,11.0379,0,32,t,n,n
171118,452304,0,14.9227,0,32,t,t,v
130557,217092,0,22.1082,1,31,t,t,v
130557,282725,0,11.9028,1,31,t,n,n
130557,452304,0,9.5546,0,31,t,t,v
217092,282725,0,10.5703,1,28,t,n,n
217092,452304,0,11.0857,0,28,t,t,v
282725,452304,0,12.2982,2,35,t,n,n
122577,150482,0,7.3255,0,28,t,n,n
122577,105732,0,11.3209,0,28,t,v,t
122577,118910,0,20.0375,0,28,n,n,t
122577,116788,0,10.7302,0,28,t,v,t
122577,276592,0,12.2111,0,28,n,n,t
150482,105732,0,10.6733,0,42,t,n,n
150482,118910,0,10.5262,0,42,n,t,n
150482,116788,0,10.103,0,42,t,n,n
150482,276592,0,8.4989,0,42,n,t,n
105732,118910,0,11.4153,0,32,n,n,t
105732,142253,0,12.8211,0,32,t,v,t
105732,120210,0,14.1405,1,32,t,n,n
118910,142253,0,8.0929,0,38,n,n,t
118910,120210,0,16.7312,2,38,n,t,n
116788,276592,0,17.2377,0,42,n,n,t
116788,142253,0,9.6466,1,42,t,v,t
116788,120210,0,19.7907,1,42,t,n,n
276592,142253,0,22.8136,0,38,n,n,t
276592,120210,0,13.355,0,38,n,t,n
142253,120210,0,11.3439,0,31,t,n,n
184073,155249,0,11.4624,0,33,v,t,t
184073,785730,0,21.1935,2,33,v,t,t
184073,551418,0,12.2811,0,33,v,t,t
184073,166079,0,24.2123,1,33,n,t,n
184073,175626,0,9.4997,0,33,v,t,t
155249,785730,0,13.1914,0,29,v,t,t
155249,551418,0,9.9369,0,29,v,t,t
155249,166079,0,17.5694,1,29,n,t,n
155249,175626,0,11.9785,0,29,v,t,t
785730,551418,0,19.8122,1,33,v,t,t
785730,291014,0,9.6278,0,33,n,n,t
785730,786750,0,22.1891,0,33,v,t,t
551418,291014,0,15.9162,0,34,n,n,t
551418,786750,0,28.4216,1,34,v,t,t
166079,175626,0,10.8152,2,45,n,t,n
166079,291014,0,14.9865,0,45,t,n,n
166079,786750,0,14.9684,0,45,n,t,n
175626,291014,0,11.0581,0,23,n,n,t
175626,786750,0,12.835,0,23,v,t,t
291014,786750,0,15.3666,0,28,n,n,t
135573,350693,0,16.9439,1,33,v,t,t
135573,122399,0,7.4198,1,33,v,t,t
135573,680968,0,9.9483,0,33,n,n,t
135573,155040,0,9.9848,0,33,n,t,n
135573,698697,0,11.5384,1,33,n,t,n
350693,122399,0,24.7705,0,36,v,t,t
350693,680968,0,23.4468,0,36,n,n,t
350693,155040,0,11.1048,0,36,n,t,n
350693,698697,0,18.5117,0,36,n,t,n
122399,680968,0,15.7096,1,32,n,n,t
122399,119553,0,13.2528,0,32,n,n,t
122399,247208,0,10.3815,1,32,n,n,t
680968,119553,0,12.767,0,32,t,v,t
680968,247208,0,12.0753,0,32,t,v,t
155040,698697,0,20.7733,0,34,t,t,v
155040,119553,0,13.9104,1,34,t,n,n
155040,247208,0,14.6871,0,34,t,n,n
698697,119553,0,15.5321,1,28,t,n,n
698697,247208,0,11.3022,1,28,t,n,n
119553,247208,0,9.6941,1,29,t,v,t
700473,108681,0,11.4133,0,38,n,t,n
700473,401970,0,4.1674,1,38,n,t,n
700473,971907,0,14.5201,0,38,n,n,t
700473,452294,0,14.2414,1,38,v,t,t
700473,419117,0,11.2068,2,38,v,t,t
108681,401970,0,10.9875,0,37,t,t,v
108681,971907,0,18.5048,0,37,t,n,n
108681,452294,0,9.615,0,37,n,t,n
108681,419117,0,12.0561,1,37,n,t,n
401970,971907,0,16.0823,0,32,t,n,n
401970,647011,0,9.6563,2,32,n,t,n
401970,565176,0,9.4215,0,32,t,n,n
971907,647011,0,19.9412,1,40,n,n,t
971907,565176,0,20.7987,1,40,t,v,t
452294,419117,0,9.6483,0,31,v,t,t
452294,647011,0,10.5962,0,31,v,t,t
452294,565176,0,9.0001,0,31,n,n,t
419117,647011,0,13.0424,3,40,v,t,t
419117,565176,0,9.4532,1,40,n,n,t
647011,565176,0,13.0831,1,29,n,n,t
173194,494008,0,16.3709,0,39,t,n,n
173194,200909,0,12.0729,0,39,n,t,n
173194,570795,0,10.9824,1,39,n,t,n
173194,102716,0,11.0896,0,39,n,t,n
173194,289907,0,7.8615,0,39,t,n,n
494008,200909,0,16.5687,0,30,n,n,t
494008,570795,0,10.9666,2,30,n,n,t
494008,102716,0,16.206,0,30,n,n,t
494008,289907,0,27.6598,1,30,t,v,t
200909,570795,0,10.5202,0,40,v,t,t
200909,323245,0,14.4229,0,40,n,t,n
200909,630733,0,11.9683,0,40,v,t,t
570795,323245,0,9.8639,1,29,n,t,n
570795,630733,0,7.9877,0,29,v,t,t
102716,289907,0,14.7084,0,29,n,n,t
102716,323245,0,15.9303,0,29,n,t,n
102716,630733,0,14.7708,1,29,v,t,t
289907,323245,0,18.1493,0,33,t,n,n
289907,630733,0,28.6725,1,33,n,n,t
323245,630733,0,17.313,1,33,n,t,n
126105,149346,0,8.8895,0,44,n,t,n
126105,411547,0,7.3276,1,44,n,t,n
126105,153273,0,15.4964,0,44,v,t,t
126105,511131,0,9.6905,1,44,n,t,n
126105,126395,0,9.749,2,44,n,t,n
149346,411547,0,17.8926,0,27,t,t,v
149346,153273,0,24.5669,1,27,n,t,n
149346,511131,0,12.9125,1,27,t,t,v
149346,126395,0,10.2529,0,27,t,t,v
411547,153273,0,12.0871,0,40,n,t,n
411547,586874,0,15.928,0,40,t,n,n
411547,101711,0,13.0069,0,40,n,t,n
153273,586874,0,8.2794,1,34,n,n,t
153273,101711,0,21.1333,1,34,v,t,t
511131,126395,0,11.1819,0,34,t,t,v
511131,586874,0,7.4937,0,34,t,n,n
511131,101711,0,10.9839,1,34,n,t,n
126395,586874,0,7.653,1,37,t,n,n
126395,101711,0,15.497,1,37,n,t,n
586874,101711,0,15.3106,0,45,n,n,t
179328,570700,0,10.4773,0,28,t,n,n
179328,131974,0,11.5456,0,28,t,n,n
179328,951259,0,8.3849,1,28,t,n,n
179328,130710,0,14.0492,1,28,t,v,t
179328,234109,0,15.6175,1,28,t,n,n
570700,131974,0,18.5273,1,34,t,t,v
570700,951259,0,11.381,0,34,t,t,v
570700,130710,0,8.6706,2,34,t,n,n
570700,234109,0,10.2705,1,34,t,t,v
131974,951259,0,10.3584,0,34,t,t,v
131974,383480,0,13.3074,0,34,t,t,v
951259,383480,0,9.7747,1,44,t,t,v
130710,234109,0,14.4479,1,42,t,n,n
130710,383480,0,9.8769,1,42,t,n,n
234109,383480,0,9.8951,0,22,t,t,v
183414,271400,0,15.3274,0,31,v,t,t
183414,162764,0,17.7947,0,31,v,t,t
183414,185661,0,12.9858,0,31,n,n,t
183414,568993,0,12.1372,0,31,n,n,t
183414,105510,0,12.4751,1,31,n,n,t
183414,148142,0,14.7127,1,31,n,n,t
183414,234109,0,19.8518,2,31,n,t,n
271400,185661,0,13.2478,1,28,n,n,t
271400,568993,0,11.2803,0,28,n,n,t
271400,105510,0,12.3195,0,28,n,n,t
271400,148142,0,14.7048,1,28,n,n,t
271400,115410,0,15.9321,1,28,n,n,t
117189,522184,0,15.7759,0,30,t,v,t
117189,164338,0,9.7477,1,30,n,n,t
117189,568993,0,14.8925,1,30,t,v,t
117189,105510,0,13.6806,1,30,t,v,t
117189,148142,0,12.302,0,30,t,v,t
117189,115410,0,21.4158,1,30,t,v,t
117189,889531,0,13.9536,0,30,t,v,t
802941,522184,0,12.3133,0,32,t,n,n
802941,164338,0,8.9488,0,32,n,t,n
802941,568993,0,12.3005,0,32,t,n,n
802941,105510,0,11.1858,0,32,t,n,n
802941,148142,0,11.8997,1,32,t,n,n
802941,115410,0,12.3033,1,32,t,n,n
802941,155749,0,9.0627,1,32,t,n,n
522184,568993,0,10.9374,2,33,t,v,t
522184,105510,0,12.9625,1,33,t,v,t
522184,148142,0,13.6316,1,33,t,v,t
522184,115410,0,12.9231,1,33,t,v,t
522184,889531,0,16.9325,0,33,t,v,t
522184,164599,0,8.2119,1,33,n,n,t
164338,568993,0,13.9523,0,29,n,n,t
164338,148142,0,10.7125,0,29,n,n,t
164338,115410,0,10.0281,0,29,n,n,t
164338,889531,0,10.2394,2,29,n,n,t
164338,164599,0,10.2248,0,29,v,t,t
164338,895207,0,11.0382,1,29,n,n,t
162764,889531,0,21.592,0,30,n,n,t
162764,164599,0,10.609,0,30,v,t,t
162764,895207,0,14.5178,0,30,n,n,t
162764,116307,0,10.3631,0,30,v,t,t
162764,383480,0,13.553,0,30,n,t,n
185661,568993,0,13.1511,2,26,t,v,t
185661,164599,0,10.1913,1,26,n,n,t
185661,895207,0,37.318,1,26,t,v,t
185661,116307,0,13.5404,0,26,n,n,t
185661,155749,0,23.8307,0,26,t,v,t
185661,383480,0,15.2556,1,26,t,n,n
568993,895207,0,10.4494,0,31,t,v,t
568993,383480,0,13.0594,1,31,t,n,n
105510,895207,0,10.4434,1,31,t,v,t
105510,116307,0,10.7427,0,31,n,n,t
105510,159161,0,18.3786,1,31,n,n,t
105510,234109,0,22.1952,1,31,t,n,n
148142,889531,0,12.5687,0,38,t,v,t
148142,164599,0,8.8178,0,38,n,n,t
148142,159161,0,12.1517,0,38,n,n,t
115410,889531,0,12.2956,1,33,t,v,t
115410,164599,0,7.6536,2,33,n,n,t
115410,155749,0,12.0516,1,33,t,v,t
889531,155749,0,24.1591,0,22,t,v,t
889531,142246,0,15.0084,0,22,t,v,t
164599,155749,0,10.7495,0,36,n,n,t
164599,987083,0,9.4392,1,36,v,t,t
895207,155749,0,9.9536,2,31,t,v,t
895207,987083,0,10.8933,0,31,n,n,t
895207,159161,0,16.945,1,31,n,n,t
116307,155749,0,9.9029,1,32,n,n,t
116307,987083,0,10.0854,1,32,v,t,t
116307,159161,0,10.5154,0,32,v,t,t
116307,142246,0,11.4296,0,32,n,n,t
155749,180865,0,10.3277,1,33,t,n,n
155749,588210,0,8.2075,0,33,t,n,n
987083,180865,0,14.8575,0,33,n,t,n
987083,588210,0,11.2369,1,33,n,t,n
987083,156659,0,18.9459,1,33,n,n,t
987083,126156,0,11.1141,0,33,v,t,t
159161,142246,0,12.9014,0,26,n,n,t
159161,179830,0,20.6977,0,26,n,n,t
159161,156659,0,18.7752,1,26,n,n,t
159161,126156,0,9.7368,1,26,v,t,t
159161,972579,0,21.4455,0,26,n,t,n
255305,142246,0,15.7841,2,40,t,n,n
255305,179830,0,8.754,0,40,t,n,n
255305,156659,0,11.0006,0,40,t,n,n
255305,126156,0,11.4812,0,40,n,t,n
255305,972579,0,12.3156,2,40,t,t,v
255305,171658,0,11.5418,0,40,t,t,v
142246,156659,0,13.1312,1,33,t,v,t
142246,126156,0,11.2049,1,33,n,n,t
142246,972579,0,17.9653,2,33,t,n,n
142246,171658,0,12.05,1,33,t,n,n
142246,892635,0,10.1675,0,33,t,n,n
179830,126156,0,11.9719,1,41,n,n,t
179830,972579,0,8.7704,1,41,t,n,n
179830,171658,0,12.4308,1,41,t,n,n
179830,892635,0,15.8504,0,41,t,n,n
179830,462611,0,11.8833,1,41,n,n,t
180865,156659,0,9.0723,1,31,t,n,n
180865,972579,0,19.2997,1,31,t,t,v
180865,171658,0,14.5093,1,31,t,t,v
180865,892635,0,20.774,0,31,t,t,v
180865,462611,0,10.8532,0,31,n,t,n
180865,131431,0,18.3822,2,31,n,t,n
588210,156659,0,13.9692,1,40,t,n,n
588210,171658,0,11.718,0,40,t,t,v
588210,892635,0,7.8184,0,40,t,t,v
588210,462611,0,14.2541,2,40,n,t,n
588210,131431,0,12.7811,3,40,n,t,n
156659,131431,0,8.327,1,34,n,n,t
126156,131431,0,14.1994,1,32,v,t,t
126156,168706,0,10.8597,0,32,v,t,t
972579,892635,0,12.0991,1,39,t,t,v
972579,462611,0,22.0285,0,39,n,t,n
171658,892635,0,10.9116,1,42,t,t,v
171658,462611,0,13.7423,0,42,n,t,n
892635,438763,0,11.9953,1,29,n,t,n
462611,438763,0,10.542,0,38,v,t,t
462611,107045,0,9.5659,1,38,n,t,n
131431,438763,0,11.766,1,39,v,t,t
131431,107045,0,16.4499,1,39,n,t,n
131431,135298,0,13.355,1,39,n,t,n
168706,438763,0,14.1796,0,32,v,t,t
168706,107045,0,10.6489,0,32,n,t,n
168706,135298,0,26.7092,1,32,n,t,n
168706,286121,0,24.2509,0,32,n,n,t
168706,483190,0,11.1415,1,32,v,t,t
438763,135369,0,12.3322,1,33,n,t,n
438763,170456,0,11.5339,1,33,n,n,t
438763,169437,0,14.8321,0,33,n,n,t
107045,135369,0,9.1072,0,36,t,t,v
107045,170456,0,11.7904,2,36,t,n,n
107045,169437,0,14.0141,0,36,t,n,n
107045,816547,0,9.8262,0,36,t,n,n
135298,483190,0,14.3266,1,31,n,t,n
135298,460187,0,8.4064,0,31,t,n,n
135298,169437,0,12.9217,0,31,t,n,n
135298,816547,0,14.9116,0,31,t,n,n
135298,856612,0,15.5138,1,31,n,t,n
286121,483190,0,16.7957,1,35,n,n,t
286121,460187,0,8.1953,0,35,t,v,t
286121,169437,0,10.7503,0,35,t,v,t
286121,816547,0,18.345,0,35,t,v,t
286121,856612,0,9.7343,0,35,n,n,t
483190,169437,0,11.2725,0,26,n,n,t
483190,816547,0,13.7526,0,26,n,n,t
483190,856612,0,10.3526,0,26,v,t,t
483190,100702,0,17.7707,1,26,v,t,t
460187,816547,0,8.2041,0,29,t,v,t
460187,856612,0,8.3572,1,29,n,n,t
460187,100702,0,7.9071,0,29,n,n,t
460187,116078,0,9.4069,1,29,t,v,t
135369,169437,0,9.6958,0,28,t,n,n
135369,856612,0,10.0129,1,28,n,t,n
135369,100702,0,15.6289,0,28,n,t,n
135369,116078,0,8.7128,1,28,t,n,n
135369,177901,0,9.3952,0,28,t,t,v
170456,169437,0,11.0205,0,27,t,v,t
170456,100702,0,11.6703,1,27,n,n,t
170456,116078,0,12.0299,0,27,t,v,t
170456,177901,0,15.2331,1,27,t,n,n
170456,329251,0,14.3491,0,27,n,n,t
169437,329251,0,14.0726,1,29,n,n,t
816547,329251,0,10.4056,0,34,n,n,t
816547,132505,0,18.8622,1,34,t,v,t
856612,116078,0,14.4696,0,37,n,n,t
856612,177901,0,17.6162,0,37,n,t,n
100702,116078,0,7.9263,3,36,n,n,t
100702,177901,0,9.213,0,36,n,t,n
116078,166107,0,13.8078,0,33,n,n,t
177901,166107,0,16.3785,3,31,n,t,n
177901,131562,0,20.2226,1,31,t,n,n
177901,871153,0,11.0238,0,31,t,t,v
329251,166107,0,14.0474,0,26,v,t,t
329251,131562,0,13.8166,1,26,n,n,t
329251,871153,0,18.1342,1,26,n,t,n
329251,170088,0,12.9751,3,26,n,n,t
132505,166107,0,27.5615,0,25,n,n,t
132505,131562,0,13.4811,0,25,t,v,t
132505,871153,0,27.0556,1,25,t,n,n
132505,170088,0,17.9482,0,25,t,v,t
132505,139918,0,14.7415,0,25,t,n,n
132505,963836,0,15.9702,0,25,n,n,t
166107,117428,0,15.5383,2,36,v,t,t
166107,264822,0,11.9839,2,36,n,n,t
131562,117428,0,11.985,0,36,n,n,t
131562,264822,0,16.3824,1,36,t,v,t
131562,860467,0,19.6079,3,36,t,v,t
871153,139918,0,15.7912,1,24,t,t,v
871153,963836,0,15.7204,1,24,n,t,n
871153,860467,0,11.5595,0,24,t,n,n
871153,176067,0,9.2436,0,24,n,t,n
170088,139918,0,7.9552,0,40,t,n,n
170088,963836,0,17.4853,0,40,n,n,t
170088,860467,0,20.127,0,40,t,v,t
170088,176067,0,18.517,1,40,n,n,t
170088,136572,0,28.6943,0,40,t,n,n
139918,860467,0,12.8725,0,26,t,n,n
139918,176067,0,16.3539,0,26,n,t,n
139918,136572,0,17.733,1,26,t,t,v
139918,342330,0,7.7714,1,26,n,t,n
963836,860467,0,12.567,1,28,n,n,t
963836,176067,0,11.7674,0,28,v,t,t
963836,136572,0,18.8227,1,28,n,t,n
963836,342330,0,9.7807,0,28,v,t,t
117428,860467,0,10.9905,0,32,n,n,t
117428,176067,0,14.6304,0,32,v,t,t
117428,136572,0,13.2569,0,32,n,t,n
117428,342330,0,8.8776,1,32,v,t,t
117428,112220,0,9.5742,1,32,n,t,n
117428,143085,0,18.4867,0,32,n,n,t
264822,860467,0,9.9103,0,26,t,v,t
264822,342330,0,8.4726,1,26,n,n,t
264822,112220,0,14.1115,1,26,t,n,n
264822,143085,0,18.8589,0,26,t,v,t
264822,136598,0,10.6012,1,26,t,n,n
860467,136598,0,15.0282,0,34,t,n,n
176067,136598,0,10.4405,1,34,n,t,n
176067,139551,0,7.4417,1,34,v,t,t
136572,112220,0,10.4645,0,33,t,t,v
136572,143085,0,10.1579,0,33,t,n,n
136572,457504,0,14.6976,1,33,t,n,n
342330,112220,0,6.9306,0,36,n,t,n
342330,143085,0,14.7996,0,36,n,n,t
342330,457504,0,9.2387,0,36,n,n,t
112220,457504,0,8.6377,0,31,t,n,n
112220,182600,0,11.109,0,31,t,n,n
143085,457504,0,27.9935,1,32,t,v,t
143085,182600,0,35.7148,0,32,t,v,t
143085,121907,0,14.3786,0,32,t,v,t
136598,457504,0,8.3048,1,34,t,n,n
136598,182600,0,14.8025,1,34,t,n,n
136598,121907,0,10.5089,1,34,t,n,n
136598,511501,0,12.1027,0,34,t,n,n
136598,184134,0,10.4865,1,34,n,t,n
139551,457504,0,28.4312,1,31,n,n,t
139551,182600,0,10.0296,0,31,n,n,t
139551,121907,0,8.4327,0,31,n,n,t
139551,511501,0,7.824,1,31,n,n,t
139551,184134,0,9.5727,1,31,v,t,t
139551,181317,0,12.2311,0,31,n,n,t
457504,170589,0,17.8277,1,28,n,n,t
182600,170589,0,14.8209,1,33,n,n,t
182600,316776,0,12.0478,0,33,t,v,t
121907,184134,0,8.8138,0,32,n,n,t
121907,181317,0,18.5623,0,32,t,v,t
121907,474522,0,16.2648,1,32,t,v,t
511501,184134,0,10.2355,0,32,n,n,t
511501,181317,0,20.5101,0,32,t,v,t
511501,474522,0,15.6539,0,32,t,v,t
511501,132146,0,22.3596,0,32,t,v,t
184134,474522,0,9.4353,0,24,n,n,t
184134,132146,0,11.6836,0,24,n,n,t
184134,113135,0,13.2661,0,24,v,t,t
181317,474522,0,24.9557,1,38,t,v,t
181317,132146,0,35.1535,0,38,t,v,t
181317,113135,0,13.2325,1,38,n,n,t
181317,967684,0,13.8617,0,38,t,n,n
170589,474522,0,15.9299,2,34,n,n,t
170589,132146,0,13.8523,1,34,n,n,t
170589,113135,0,8.2614,0,34,v,t,t
170589,967684,0,11.8069,1,34,n,t,n
170589,137022,0,15.2462,0,34,n,t,n
316776,474522,0,12.4193,1,41,t,v,t
316776,113135,0,17.5653,1,41,n,n,t
316776,967684,0,10.4501,1,41,t,n,n
316776,137022,0,12.7347,0,41,t,n,n
316776,159557,0,12.7786,0,41,t,v,t
474522,532700,0,21.6829,1,36,t,v,t
132146,532700,0,12.1268,0,39,t,v,t
132146,882875,0,8.6141,1,39,t,v,t
113135,137022,0,16.5139,1,27,n,t,n
113135,159557,0,15.7137,0,27,n,n,t
113135,548480,0,13.4759,0,27,n,t,n
967684,137022,0,9.2351,0,36,t,t,v
967684,159557,0,13.9075,1,36,t,n,n
967684,548480,0,10.2338,0,36,t,t,v
967684,163624,0,12.8152,0,36,t,t,v
137022,548480,0,10.6633,1,34,t,t,v
137022,163624,0,19.5137,0,34,t,t,v
137022,129959,0,21.2478,1,34,t,n,n
159557,548480,0,8.0391,0,30,t,n,n
159557,163624,0,14.4853,2,30,t,n,n
159557,129959,0,15.6674,0,30,t,v,t
532700,548480,0,14.4807,1,28,t,n,n
532700,163624,0,10.4612,0,28,t,n,n
532700,129959,0,17.3923,0,28,t,v,t
532700,120107,0,22.6262,1,28,t,n,n
532700,761302,0,19.2477,0,28,t,n,n
882875,548480,0,8.8815,1,36,t,n,n
882875,163624,0,10.3919,0,36,t,n,n
882875,129959,0,15.8002,0,36,t,v,t
882875,120107,0,15.7203,0,36,t,n,n
882875,761302,0,16.3425,0,36,t,n,n
882875,150422,0,16.4739,0,36,t,v,t
548480,162877,0,12.7866,0,32,t,t,v
163624,162877,0,12.9808,0,30,t,t,v
163624,684201,0,12.4888,0,30,t,n,n
129959,761302,0,15.2792,0,29,t,n,n
129959,150422,0,14.7665,0,29,t,v,t
129959,196868,0,12.5093,0,29,t,v,t
120107,761302,0,19.4111,1,26,t,t,v
120107,150422,0,13.9941,0,26,t,n,n
120107,196868,0,18.2195,0,26,t,n,n
120107,388541,0,13.0591,2,26,t,n,n
761302,196868,0,14.6026,0,28,t,n,n
761302,388541,0,14.2283,0,28,t,n,n
761302,129620,0,15.7785,2,28,n,t,n
150422,196868,0,14.7581,0,26,t,v,t
150422,388541,0,12.9619,1,26,t,v,t
150422,129620,0,17.7017,1,26,n,n,t
150422,869719,0,12.0251,0,26,n,n,t
162877,196868,0,12.814,0,31,t,n,n
162877,388541,0,12.8547,0,31,t,n,n
162877,129620,0,15.5601,0,31,n,t,n
162877,869719,0,18.754,0,31,n,t,n
162877,161035,0,14.685,0,31,t,t,v
684201,196868,0,20.4855,1,28,t,v,t
684201,388541,0,14.6487,0,28,t,v,t
684201,129620,0,26.439,1,28,n,n,t
684201,869719,0,10.5333,1,28,n,n,t
684201,161035,0,14.971,0,28,t,n,n
684201,314790,0,12.3031,2,28,n,n,t
196868,107935,0,9.027,0,41,t,v,t
388541,107935,0,14.5669,2,40,t,v,t
388541,335434,0,12.0565,0,40,n,n,t
129620,161035,0,15.0454,0,33,n,t,n
129620,314790,0,12.6832,1,33,v,t,t
129620,692417,0,12.4685,0,33,v,t,t
869719,161035,0,11.5452,2,34,n,t,n
869719,314790,0,15.9462,2,34,v,t,t
869719,692417,0,10.8836,1,34,v,t,t
869719,805904,0,9.4149,0,34,n,n,t
161035,692417,0,14.3423,0,33,n,t,n
161035,805904,0,14.0985,2,33,t,n,n
161035,941546,0,11.3913,2,33,n,t,n
314790,692417,0,12.7202,0,36,v,t,t
314790,805904,0,15.8209,0,36,n,n,t
314790,941546,0,11.935,1,36,v,t,t
314790,128177,0,16.5161,2,36,n,n,t
107935,692417,0,6.1584,2,38,n,n,t
107935,805904,0,12.2149,0,38,t,v,t
107935,941546,0,9.5435,0,38,n,n,t
107935,128177,0,13.4263,0,38,t,v,t
107935,901422,0,11.5382,1,38,t,n,n
335434,692417,0,8.7039,1,36,v,t,t
335434,805904,0,14.1059,1,36,n,n,t
335434,941546,0,10.1313,2,36,v,t,t
335434,128177,0,11.5761,2,36,n,n,t
335434,901422,0,9.4277,1,36,n,t,n
335434,790992,0,11.2986,0,36,v,t,t
692417,338475,0,12.439,1,36,v,t,t
805904,338475,0,9.9473,0,26,n,n,t
805904,588899,0,11.9493,0,26,t,v,t
941546,901422,0,11.5705,1,37,n,t,n
941546,790992,0,10.9784,0,37,v,t,t
941546,172408,0,13.6422,1,37,n,t,n
128177,901422,0,13.1325,1,31,t,n,n
128177,790992,0,9.9615,0,31,n,n,t
128177,172408,0,16.557,1,31,t,n,n
128177,323118,0,10.4814,0,31,n,n,t
901422,172408,0,11.6165,0,34,t,t,v
901422,323118,0,13.9125,0,34,n,t,n
901422,129054,0,10.8599,2,34,n,t,n
790992,172408,0,12.2044,0,30,n,t,n
790992,323118,0,12.6419,2,30,v,t,t
790992,129054,0,10.3205,0,30,v,t,t
790992,177835,0,20.8534,0,30,v,t,t
338475,172408,0,9.8304,1,39,n,t,n
338475,323118,0,15.0852,1,39,v,t,t
338475,129054,0,7.4829,1,39,v,t,t
338475,177835,0,18.8882,2,39,v,t,t
338475,415205,0,9.2064,1,39,v,t,t
588899,172408,0,11.7189,2,37,t,n,n
588899,323118,0,11.5273,0,37,n,n,t
588899,129054,0,9.6189,1,37,n,n,t
588899,177835,0,19.3653,1,37,n,n,t
588899,415205,0,11.6339,0,37,n,n,t
588899,833407,0,8.4099,2,37,t,n,n
172408,122330,0,12.528,1,36,t,n,n
323118,122330,0,13.3171,1,27,n,n,t
323118,463623,0,12.6226,0,27,n,t,n
129054,415205,0,11.8671,0,28,v,t,t
129054,833407,0,10.7034,0,28,n,t,n
129054,175269,0,9.6383,1,28,n,t,n
177835,415205,0,13.6572,0,29,v,t,t
177835,833407,0,11.5798,0,29,n,t,n
177835,175269,0,9.9776,0,29,n,t,n
177835,706847,0,27.2049,1,29,n,t,n
415205,175269,0,15.5724,0,36,n,t,n
415205,706847,0,18.4388,1,36,n,t,n
415205,972208,0,10.5588,1,36,n,t,n
833407,175269,0,18.4423,1,33,t,t,v
833407,706847,0,20.9023,2,33,t,t,v
833407,972208,0,16.4893,1,33,t,t,v
833407,172538,0,19.911,0,33,t,t,v
122330,175269,0,11.9005,0,30,t,n,n
122330,706847,0,16.9621,0,30,t,n,n
122330,972208,0,19.6559,1,30,t,n,n
122330,172538,0,13.0784,2,30,t,n,n
122330,101571,0,19.4572,2,30,n,n,t
463623,175269,0,10.3925,0,29,t,t,v
463623,706847,0,13.5063,0,29,t,t,v
463623,972208,0,11.4494,0,29,t,t,v
463623,172538,0,11.0681,1,29,t,t,v
463623,101571,0,12.0656,0,29,n,t,n
463623,117186,0,12.7431,0,29,t,t,v
175269,528461,0,10.0095,0,33,n,t,n
706847,528461,0,10.4598,0,35,n,t,n
706847,159141,0,15.2568,0,35,t,t,v
972208,101571,0,7.9193,2,49,n,t,n
972208,117186,0,16.7169,1,49,t,t,v
972208,136953,0,13.8144,0,49,t,n,n
172538,101571,0,32.6154,0,36,n,t,n
172538,117186,0,16.0231,0,36,t,t,v
172538,136953,0,10.881,1,36,t,n,n
172538,125476,0,26.2013,1,36,t,t,v
101571,136953,0,6.3111,0,30,n,n,t
101571,125476,0,15.6517,0,30,n,t,n
101571,108074,0,18.3225,0,30,n,t,n
117186,136953,0,9.7299,0,28,t,n,n
117186,125476,0,15.7512,0,28,t,t,v
117186,108074,0,11.0663,0,28,t,t,v
117186,610855,0,15.4459,1,28,t,t,v
528461,136953,0,10.3992,1,30,n,n,t
528461,125476,0,11.906,1,30,n,t,n
528461,108074,0,13.7542,1,30,n,t,n
528461,610855,0,9.2481,1,30,n,t,n
528461,637295,0,13.2454,0,30,n,n,t
159141,136953,0,8.8607,0,41,t,n,n
159141,125476,0,11.8012,1,41,t,t,v
159141,108074,0,10.8877,3,41,t,t,v
159141,610855,0,14.4317,2,41,t,t,v
159141,637295,0,11.8418,0,41,t,n,n
159141,174072,0,42.1188,1,41,n,t,n
136953,141753,0,7.4404,0,26,n,n,t
125476,141753,0,12.3379,0,38,n,t,n
125476,130808,0,17.0567,1,38,t,t,v
108074,637295,0,13.1552,1,40,t,n,n
108074,174072,0,9.9902,0,40,n,t,n
108074,522495,0,13.0827,1,40,t,t,v
610855,637295,0,15.0303,0,34,t,n,n
610855,174072,0,20.3941,0,34,n,t,n
610855,522495,0,9.1836,0,34,t,t,v
610855,122341,0,13.1544,0,34,t,t,v
637295,522495,0,12.5241,1,27,t,n,n
637295,122341,0,13.4111,0,27,t,n,n
637295,900158,0,11.0428,1,27,t,n,n
174072,522495,0,11.8579,0,44,n,t,n
174072,122341,0,18.5306,1,44,n,t,n
174072,900158,0,10.542,0,44,n,t,n
174072,171118,0,13.073,0,44,n,t,n
141753,522495,0,13.6291,0,35,n,t,n
141753,122341,0,10.0228,1,35,n,t,n
141753,900158,0,11.2236,1,35,n,t,n
141753,171118,0,14.7032,1,35,n,t,n
141753,130557,0,29.247,0,35,n,t,n
130808,522495,0,8.2368,0,39,t,t,v
130808,122341,0,13.2815,1,39,t,t,v
130808,900158,0,16.1414,0,39,t,t,v
130808,171118,0,10.4088,0,39,t,t,v
130808,130557,0,15.3331,0,39,t,t,v
130808,217092,0,10.7524,1,39,t,t,v
522495,282725,0,12.5256,0,31,t,n,n
122341,282725,0,12.0054,1,32,t,n,n
122341,452304,0,12.848,1,32,t,t,v
900158,130557,0,6.8326,0,40,t,t,v
900158,217092,0,13.2857,0,40,t,t,v
900158,122577,0,12.6164,0,40,t,n,n
171118,130557,0,14.0328,0,32,t,t,v
171118,217092,0,17.3354,0,32,t,t,v
171118,122577,0,16.871,0,32,t,n,n
171118,150482,0,9.8999,1,32,t,t,v
130557,122577,0,29.6876,1,31,t,n,n
130557,150482,0,10.4766,0,31,t,t,v
130557,105732,0,9.3107,0,31,t,n,n
217092,122577,0,18.9367,1,28,t,n,n
217092,150482,0,16.2181,0,28,t,t,v
217092,105732,0,9.6561,0,28,t,n,n
217092,118910,0,18.8554,1,28,n,t,n
282725,122577,0,12.4618,1,35,t,v,t
282725,150482,0,12.5097,0,35,t,n,n
282725,105732,0,12.6228,0,35,t,v,t
282725,118910,0,10.2442,0,35,n,n,t
282725,116788,0,11.3795,0,35,t,v,t
452304,122577,0,13.8057,0,24,t,n,n
452304,150482,0,13.3036,1,24,t,t,v
452304,105732,0,11.3275,0,24,t,n,n
452304,118910,0,11.3303,0,24,n,t,n
452304,116788,0,11.9762,0,24,t,n,n
452304,276592,0,9.2172,1,24,n,t,n
122577,142253,0,19.3215,0,28,t,v,t
150482,142253,0,10.1375,2,42,t,n,n
150482,120210,0,11.6215,1,42,t,t,v
105732,116788,0,8.957,1,32,t,v,t
105732,276592,0,11.0124,1,32,n,n,t
105732,184073,0,13.6796,0,32,n,n,t
118910,116788,0,16.3738,1,38,n,n,t
118910,276592,0,14.5477,1,38,v,t,t
118910,184073,0,13.1872,0,38,v,t,t
118910,155249,0,14.8863,1,38,v,t,t
116788,184073,0,14.0504,2,42,n,n,t
116788,155249,0,9.0114,0,42,n,n,t
116788,785730,0,19.3861,2,42,n,n,t
276592,184073,0,10.1449,0,38,v,t,t
276592,155249,0,17.4493,0,38,v,t,t
276592,785730,0,16.0798,2,38,v,t,t
276592,551418,0,25.0183,0,38,v,t,t
142253,184073,0,11.7301,1,31,n,n,t
142253,155249,0,16.8733,0,31,n,n,t
142253,785730,0,11.5104,0,31,n,n,t
142253,551418,0,10.8853,0,31,n,n,t
142253,166079,0,11.8825,0,31,t,n,n
120210,184073,0,15.4597,1,38,n,t,n
120210,155249,0,11.0815,0,38,n,t,n
120210,785730,0,20.0189,1,38,n,t,n
120210,551418,0,15.2546,2,38,n,t,n
120210,166079,0,14.2094,1,38,t,t,v
120210,175626,0,14.0594,0,38,n,t,n
184073,291014,0,19.6995,0,33,n,n,t
155249,291014,0,13.2228,1,29,n,n,t
155249,786750,0,12.5896,0,29,v,t,t
785730,166079,0,20.2035,0,33,n,t,n
785730,175626,0,13.7553,1,33,v,t,t
785730,135573,0,18.7574,1,33,v,t,t
551418,166079,0,9.9152,1,34,n,t,n
551418,175626,0,18.1322,0,34,v,t,t
551418,135573,0,11.7999,1,34,v,t,t
551418,350693,0,19.7676,0,34,v,t,t
166079,135573,0,11.5316,0,45,n,t,n
166079,350693,0,26.608,1,45,n,t,n
166079,122399,0,17.4227,1,45,n,t,n
175626,135573,0,13.3385,0,23,v,t,t
175626,350693,0,18.6483,0,23,v,t,t
175626,122399,0,11.6292,0,23,v,t,t
175626,680968,0,13.3739,0,23,n,n,t
291014,135573,0,11.529,0,28,n,n,t
291014,350693,0,15.3769,2,28,n,n,t
291014,122399,0,14.7643,1,28,n,n,t
291014,680968,0,15.5236,1,28,t,v,t
291014,155040,0,12.0861,1,28,t,n,n
786750,135573,0,9.1485,1,40,v,t,t
786750,350693,0,17.3916,2,40,v,t,t
786750,122399,0,18.9466,0,40,v,t,t
786750,680968,0,14.4668,1,40,n,n,t
786750,155040,0,16.0123,1,40,n,t,n
786750,698697,0,18.8798,1,40,n,t,n
135573,119553,0,14.8919,1,33,n,n,t
350693,119553,0,15.5581,1,36,n,n,t
350693,247208,0,14.1079,0,36,n,n,t
122399,155040,0,11.3745,1,32,n,t,n
122399,698697,0,13.1437,0,32,n,t,n
122399,700473,0,13.2443,0,32,v,t,t
680968,155040,0,10.6157,1,32,t,n,n
680968,698697,0,14.7489,2,32,t,n,n
680968,700473,0,15.998,1,32,n,n,t
680968,108681,0,13.714,0,32,t,n,n
155040,700473,0,14.2887,2,34,n,t,n
155040,108681,0,10.7644,2,34,t,t,v
155040,401970,0,11.8767,1,34,t,t,v
698697,700473,0,45.4596,0,28,n,t,n
698697,108681,0,13.7144,0,28,t,t,v
698697,401970,0,14.7937,0,28,t,t,v
698697,971907,0,50.3892,0,28,t,n,n
119553,700473,0,20.1143,0,29,n,n,t
119553,108681,0,11.9891,0,29,t,n,n
119553,401970,0,9.6267,2,29,t,n,n
119553,971907,0,14.6206,0,29,t,v,t
119553,452294,0,11.7034,0,29,n,n,t
247208,700473,0,12.3339,0,28,n,n,t
247208,108681,0,13.3951,0,28,t,n,n
247208,401970,0,15.9008,1,28,t,n,n
247208,971907,0,15.4579,0,28,t,v,t
247208,452294,0,10.4998,0,28,n,n,t
247208,419117,0,9.8836,0,28,n,n,t
700473,647011,0,13.3868,0,38,v,t,t
108681,647011,0,16.6367,0,37,n,t,n
108681,565176,0,11.7572,1,37,t,n,n
401970,452294,0,11.5394,0,32,n,t,n
401970,419117,0,11.8165,0,32,n,t,n
401970,173194,0,10.06,1,32,t,t,v
971907,452294,0,13.4957,1,40,n,n,t
971907,419117,0,15.5304,3,40,n,n,t
971907,173194,0,9.0263,1,40,t,n,n
971907,494008,0,48.9931,2,40,t,v,t
452294,173194,0,10.8796,1,31,n,t,n
452294,494008,0,14.2354,1,31,n,n,t
452294,200909,0,11.2804,0,31,v,t,t
419117,173194,0,12.5257,0,40,n,t,n
419117,494008,0,14.6102,1,40,n,n,t
419117,200909,0,17.5576,1,40,v,t,t
419117,570795,0,8.107,0,40,v,t,t
647011,173194,0,15.3704,1,29,n,t,n
647011,494008,0,12.83,1,29,n,n,t
647011,200909,0,17.2855,0,29,v,t,t
647011,570795,0,11.362,0,29,v,t,t
647011,102716,0,9.0596,0,29,v,t,t
565176,173194,0,10.7952,0,34,t,n,n
565176,494008,0,18.4772,0,34,t,v,t
565176,200909,0,12.7582,0,34,n,n,t
565176,570795,0,8.5581,2,34,n,n,t
565176,102716,0,13.5855,0,34,n,n,t
565176,289907,0,13.6405,0,34,t,v,t
173194,323245,0,9.4086,1,39,t,t,v
494008,323245,0,27.4082,0,30,t,n,n
494008,630733,0,17.8097,0,30,n,n,t
200909,102716,0,12.1339,1,40,v,t,t
200909,289907,0,12.5198,0,40,n,n,t
200909,126105,0,7.1527,0,40,v,t,t
570795,102716,0,9.8718,0,29,v,t,t
570795,289907,0,9.9002,0,29,n,n,t
570795,126105,0,7.0338,0,29,v,t,t
570795,149346,0,10.4924,1,29,n,t,n
102716,126105,0,7.6276,0,29,v,t,t
102716,149346,0,13.3763,0,29,n,t,n
102716,411547,0,12.2748,0,29,n,t,n
289907,126105,0,10.1913,1,33,n,n,t
289907,149346,0,20.7019,1,33,t,n,n
289907,411547,0,19.4235,1,33,t,n,n
289907,153273,0,12.6568,1,33,n,n,t
323245,126105,0,10.2418,0,33,n,t,n
323245,149346,0,21.2075,1,33,t,t,v
323245,411547,0,14.7261,0,33,t,t,v
323245,153273,0,15.1358,0,33,n,t,n
323245,511131,0,23.0052,0,33,t,t,v
630733,126105,0,6.9551,1,36,v,t,t
630733,149346,0,19.2863,0,36,n,t,n
630733,411547,0,19.0576,1,36,n,t,n
630733,153273,0,12.8823,1,36,v,t,t
630733,511131,0,13.2505,1,36,n,t,n
630733,126395,0,10.5051,0,36,n,t,n
126105,586874,0,7.6421,0,44,n,n,t
149346,586874,0,16.828,0,27,t,n,n
149346,101711,0,14.7274,0,27,n,t,n
411547,511131,0,20.6219,0,40,t,t,v
411547,126395,0,8.5837,0,40,t,t,v
411547,179328,0,10.4807,1,40,t,n,n
153273,511131,0,12.9846,0,34,n,t,n
153273,126395,0,16.8244,1,34,n,t,n
153273,179328,0,20.726,2,34,n,n,t
153273,570700,0,19.3217,0,34,n,t,n
511131,179328,0,16.8517,0,34,t,n,n
511131,570700,0,10.0336,1,34,t,t,v
511131,131974,0,11.9128,1,34,t,t,v
126395,179328,0,9.9007,0,37,t,n,n
126395,570700,0,10.6868,0,37,t,t,v
126395,131974,0,13.2703,2,37,t,t,v
126395,951259,0,9.3556,0,37,t,t,v
586874,179328,0,9.7048,2,45,t,v,t
586874,570700,0,7.8059,1,45,t,n,n
586874,131974,0,12.6163,0,45,t,n,n
586874,951259,0,17.2149,1,45,t,n,n
586874,130710,0,40.6953,1,45,t,v,t
101711,179328,0,13.021,1,37,n,n,t
101711,570700,0,16.9798,0,37,n,t,n
101711,131974,0,12.9564,3,37,n,t,n
101711,951259,0,12.6654,0,37,n,t,n
101711,130710,0,12.6866,1,37,n,n,t
101711,234109,0,20.7035,1,37,n,t,n
179328,383480,0,10.4828,0,28,t,n,n
570700,383480,0,12.5681,1,34,t,t,v
131974,130710,0,25.3896,1,34,t,n,n
131974,234109,0,17.6535,0,34,t,t,v
951259,130710,0,15.2759,1,44,t,n,n
951259,234109,0,11.7455,2,44,t,t,v
183414,130710,0,15.1587,0,31,n,n,t
271400,162764,0,18.2238,1,28,v,t,t
271400,889531,0,13.1951,1,28,n,n,t
271400,130710,0,18.1914,0,28,n,n,t
117189,164599,0,9.5159,0,30,n,n,t
802941,889531,0,12.3326,0,32,t,n,n
802941,164599,0,6.9323,0,32,n,t,n
802941,895207,0,10.9519,0,32,t,n,n
522184,116307,0,9.5173,1,33,n,n,t
164338,105510,0,12.7192,0,29,n,n,t
162764,568993,0,15.1792,0,30,n,n,t
162764,105510,0,19.2425,1,30,n,n,t
162764,148142,0,11.6683,0,30,n,n,t
185661,105510,0,20.22,0,26,t,v,t
185661,148142,0,12.5137,0,26,t,v,t
185661,115410,0,13.8649,0,26,t,v,t
185661,889531,0,17.5893,0,26,t,v,t
116307,255305,0,8.7303,0,32,n,t,n
155749,156659,0,15.6703,0,33,t,v,t
987083,972579,0,23.3571,0,33,n,t,n
987083,171658,0,12.1153,0,33,n,t,n
159161,171658,0,11.1439,0,26,n,t,n
159161,892635,0,12.2378,0,26,n,t,n
255305,892635,0,11.8078,0,40,t,t,v
255305,462611,0,14.8072,1,40,n,t,n
142246,462611,0,14.8977,1,33,n,n,t
142246,131431,0,15.1642,0,33,n,n,t
179830,156659,0,9.2097,0,41,t,v,t
179830,168706,0,15.2854,0,41,n,n,t
180865,126156,0,14.1647,1,31,n,t,n
180865,168706,0,11.227,1,31,n,t,n
588210,126156,0,11.1778,0,40,n,t,n
588210,972579,0,12.7715,1,40,t,t,v
588210,168706,0,12.6906,2,40,n,t,n
156659,168706,0,17.5452,2,34,n,n,t
171658,438763,0,10.0046,0,42,n,t,n
462611,135298,0,27.9963,1,38,n,t,n
131431,286121,0,12.7932,0,39,n,n,t
168706,460187,0,8.2019,0,32,n,n,t
438763,816547,0,17.138,0,33,n,n,t
107045,856612,0,8.6356,0,36,n,t,n
135298,100702,0,22.212,2,31,n,t,n
286121,100702,0,29.036,1,35,n,n,t
286121,116078,0,7.8201,0,35,t,v,t
483190,177901,0,12.2368,0,26,n,t,n
460187,169437,0,9.2916,2,29,t,v,t
460187,177901,0,8.8873,1,29,t,n,n
460187,329251,0,9.3416,0,29,n,n,t
135369,816547,0,14.3987,2,28,t,n,n
135369,329251,0,11.2811,0,28,n,t,n
170456,856612,0,10.6539,3,27,n,n,t
170456,132505,0,19.0708,0,27,t,v,t
169437,132505,0,12.1591,0,29,t,v,t
100702,166107,0,16.8218,0,36,v,t,t
116078,131562,0,20.7164,2,33,t,v,t
116078,871153,0,6.4586,0,33,t,n,n
177901,170088,0,26.5273,0,31,t,n,n
329251,139918,0,13.9389,1,26,n,t,n
132505,117428,0,11.0608,1,25,n,n,t
166107,860467,0,7.5883,2,36,n,n,t
166107,176067,0,17.3247,0,36,v,t,t
131562,176067,0,16.8252,1,36,n,n,t
131562,136572,0,22.1285,0,36,t,n,n
871153,136572,0,16.1727,0,24,t,t,v
871153,342330,0,15.3518,0,24,n,t,n
170088,112220,0,13.3892,0,40,t,n,n
139918,112220,0,11.5466,0,26,t,t,v
139918,143085,0,20.4711,1,26,t,n,n
963836,112220,0,11.812,0,28,n,t,n
963836,136598,0,12.387,0,28,n,t,n
117428,136598,0,9.5771,1,32,n,t,n
264822,176067,0,21.361,0,26,n,n,t
264822,136572,0,20.314,0,26,t,n,n
264822,139551,0,13.444,0,26,n,n,t
860467,139551,0,11.4097,0,34,n,n,t
342330,182600,0,12.1306,0,36,n,n,t
112220,121907,0,10.1786,0,31,t,n,n
143085,511501,0,15.1787,0,32,t,v,t
136598,181317,0,10.4147,0,34,t,n,n
139551,170589,0,21.9861,0,31,v,t,t
457504,316776,0,16.0608,0,28,t,v,t
457504,474522,0,27.0445,2,28,t,v,t
182600,474522,0,18.6755,0,33,t,v,t
182600,132146,0,16.0634,1,33,t,v,t
121907,132146,0,15.4792,1,32,t,v,t
121907,113135,0,10.2403,0,32,n,n,t
511501,113135,0,15.5938,0,32,n,n,t
511501,967684,0,11.2393,0,32,t,n,n
184134,967684,0,11.9834,0,24,n,t,n
184134,137022,0,14.0865,0,24,n,t,n
181317,137022,0,25.2702,0,38,t,n,n
181317,159557,0,11.6489,0,38,t,v,t
170589,159557,0,13.7326,0,34,n,n,t
170589,532700,0,19.2957,0,34,n,n,t
316776,882875,0,8.9862,0,41,t,v,t
132146,548480,0,9.8033,0,39,t,n,n
137022,120107,0,20.6935,1,34,t,t,v
159557,120107,0,10.7867,0,30,t,n,n
159557,761302,0,12.4442,0,30,t,n,n
532700,150422,0,20.04,1,28,t,v,t
882875,162877,0,17.3885,1,36,t,n,n
548480,684201,0,11.2279,1,32,t,n,n
163624,196868,0,11.3029,0,30,t,n,n
163624,388541,0,14.9297,2,30,t,n,n
129959,388541,0,10.3646,0,29,t,v,t
129959,129620,0,17.8898,1,29,n,n,t
120107,129620,0,19.0012,0,26,n,t,n
120107,869719,0,13.6695,0,26,n,t,n
761302,869719,0,13.7716,0,28,n,t,n
761302,161035,0,12.3359,0,28,t,t,v
150422,161035,0,16.2031,1,26,t,n,n
150422,314790,0,16.1947,1,26,n,n,t
162877,314790,0,14.5685,0,31,n,t,n
162877,107935,0,15.1816,1,31,t,n,n
388541,692417,0,13.7241,3,40,n,n,t
129620,805904,0,20.5292,2,33,n,n,t
869719,941546,0,10.0995,0,34,v,t,t
161035,128177,0,12.1504,1,33,t,n,n
314790,901422,0,12.2562,2,36,n,t,n
107935,790992,0,7.6747,1,38,n,n,t
335434,338475,0,8.3732,1,36,v,t,t
692417,588899,0,16.2677,1,36,n,n,t
805904,172408,0,15.4544,0,26,t,n,n
941546,323118,0,10.9341,1,37,v,t,t
941546,129054,0,7.2794,1,37,v,t,t
128177,129054,0,12.7093,1,31,n,n,t
128177,177835,0,14.2517,1,31,n,n,t
901422,177835,0,21.8846,4,34,n,t,n
901422,415205,0,12.2797,1,34,n,t,n
790992,415205,0,12.219,0,30,v,t,t
338475,833407,0,8.8637,1,39,n,t,n
588899,122330,0,10.5791,0,37,t,v,t
172408,463623,0,9.108,0,36,t,t,v
323118,175269,0,11.1031,1,27,n,t,n
129054,706847,0,12.7771,0,28,n,t,n
177835,972208,0,25.2915,2,29,n,t,n
415205,172538,0,18.9836,2,36,n,t,n
833407,101571,0,26.1136,0,33,n,t,n
122330,117186,0,17.7447,0,30,t,n,n
463623,528461,0,8.5392,0,29,n,t,n
175269,159141,0,14.6822,0,33,t,t,v
706847,136953,0,10.9253,0,35,t,n,n
972208,125476,0,20.1194,1,49,t,t,v
172538,108074,0,12.1897,2,36,t,t,v
101571,610855,0,25.7738,1,30,n,t,n
117186,637295,0,12.2309,0,28,t,n,n
528461,174072,0,13.4398,0,30,v,t,t
159141,141753,0,12.7761,1,41,n,t,n
136953,130808,0,11.6599,0,26,t,n,n
125476,522495,0,12.6217,1,38,t,t,v
108074,122341,0,15.4003,0,40,t,t,v
610855,900158,0,11.7588,0,34,t,t,v
637295,171118,0,14.3656,0,27,t,n,n
174072,130557,0,16.3278,0,44,n,t,n
141753,217092,0,16.517,1,35,n,t,n
130808,282725,0,10.4622,2,39,t,n,n
522495,452304,0,12.3573,1,31,t,t,v
122341,122577,0,19.6529,0,32,t,n,n
900158,150482,0,13.1371,0,40,t,t,v
130557,118910,0,26.1018,2,31,n,t,n
217092,116788,0,9.7105,0,28,t,n,n
282725,276592,0,12.731,0,35,n,n,t
452304,142253,0,11.288,0,24,t,n,n
122577,120210,0,12.0592,0,28,t,n,n
150482,184073,0,13.3797,0,42,n,t,n
105732,155249,0,12.9965,1,32,n,n,t
118910,785730,0,23.9149,1,38,v,t,t
116788,551418,0,18.6818,1,42,n,n,t
276592,166079,0,10.0853,1,38,n,t,n
142253,175626,0,12.4499,0,31,n,n,t
120210,291014,0,15.8402,3,38,t,n,n
184073,786750,0,18.6511,1,33,v,t,t
155249,135573,0,14.1946,0,29,v,t,t
785730,350693,0,24.381,0,33,v,t,t
551418,122399,0,10.4532,0,34,v,t,t
166079,680968,0,20.3287,2,45,t,n,n
175626,155040,0,14.9045,0,23,n,t,n
291014,698697,0,21.214,0,28,t,n,n
786750,119553,0,10.303,0,40,n,n,t
135573,247208,0,10.1112,0,33,n,n,t
350693,700473,0,15.9753,1,36,v,t,t
122399,108681,0,16.7044,0,32,n,t,n
680968,401970,0,14.6553,0,32,t,n,n
155040,971907,0,14.8585,0,34,t,n,n
698697,452294,0,13.676,0,28,n,t,n
